Job Title,Company,Location,Seniority Level,Employment Type,Apply Link
Big Data Developer - Machine Learning,Yotpo,"Tel Aviv, Tel Aviv, Israel",Entry level,Full-time,https://www.linkedin.com/jobs/view/externalApply/2964052893?url=https%3A%2F%2Fwww%2Eyotpo%2Ecom%2Fcareers%2Fgid-4036055%3Fgh_jid%3D4036055%26gh_src%3D0566843c1us&urlHash=DSM6&refId=XeAm3pIUt9BnGMnRWkf%2Brg%3D%3D&trackingId=ERjL6%2B0zJK0iZQ65Hwp3QA%3D%3D&trk=public_jobs_apply-link-offsite
Data Science and Research: MSc & PhD Internship Opportunities,Microsoft,"Tel Aviv, Tel Aviv, Israel",Entry level,Internship,https://www.linkedin.com/jobs/view/externalApply/3178169029?url=https%3A%2F%2Fcareers%2Emicrosoft%2Ecom%2Fus%2Fen%2Fjob%2F1384854%2FData-Science-and-Research-MSc-PhD-Internship-Opportunities%3Fjobsource%3Dlinkedin%26utm_source%3Dlinkedin%26utm_medium%3Dlinkedin%26utm_campaign%3Dlinkedin-feed&urlHash=6fMB&refId=XeAm3pIUt9BnGMnRWkf%2Brg%3D%3D&trackingId=5TOh0GzGoH2XosNXVzeZ8g%3D%3D&trk=public_jobs_apply-link-offsite
Data Science and Research: MSc & PhD Internship Opportunities,Microsoft,"Haifa, Haifa, Israel",Entry level,Internship,https://www.linkedin.com/jobs/view/externalApply/3178162895?url=https%3A%2F%2Fcareers%2Emicrosoft%2Ecom%2Fus%2Fen%2Fjob%2F1384854%2FData-Science-and-Research-MSc-PhD-Internship-Opportunities%3Fjobsource%3Dlinkedin%26utm_source%3Dlinkedin%26utm_medium%3Dlinkedin%26utm_campaign%3Dlinkedin-feed&urlHash=6fMB&refId=XeAm3pIUt9BnGMnRWkf%2Brg%3D%3D&trackingId=C5jShe3Gv%2FTrhCpwdttEwA%3D%3D&trk=public_jobs_apply-link-offsite
Software Engineer,Algorand Foundation,"Tel Aviv, Israel",Full-time,Unknown,https://www.linkedin.com/jobs/view/externalApply/3283900118?url=https%3A%2F%2Falgorandfoundation%2Ebamboohr%2Ecom%2Fcareers%2F26&urlHash=olLr&refId=XeAm3pIUt9BnGMnRWkf%2Brg%3D%3D&trackingId=ZqIyMY12kX6swbfck%2F4kqw%3D%3D&trk=public_jobs_apply-link-offsite
Embedded Software Engineer,Rafael Advanced Defense Systems,"Qiryat Bialik, Haifa, Israel",Full-time,Unknown,Easy Apply on LinkedIn
Code Analysis Algorithm Developer,JFrog,"Tel Aviv-Yafo, Tel Aviv, Israel",Entry level,Full-time,https://www.linkedin.com/jobs/view/externalApply/3178196747?url=https%3A%2F%2Fjoin%2Ejfrog%2Ecom%2Fjob%2F3418992-software-engineer-code-analysis%2F%3Fgh_src%3D526d35e41us&urlHash=O5Ln&refId=XeAm3pIUt9BnGMnRWkf%2Brg%3D%3D&trackingId=QeKqDYD4HnARN4cFL3nu4A%3D%3D&trk=public_jobs_apply-link-offsite
SW Engineer,Mobileye,"Jerusalem, Israel",Entry level,Full-time,https://www.linkedin.com/jobs/view/externalApply/3180011575?url=https%3A%2F%2Fjobs%2Eeu%2Elever%2Eco%2Fmobileye%2F7d92bbcb-c89b-426c-ace7-4ee1e1a6a83b%2Fapply%3Flever-source%3DJob%2Bpostings%2Bfeed&urlHash=McrQ&refId=XeAm3pIUt9BnGMnRWkf%2Brg%3D%3D&trackingId=Q21cVl3uboN48ANA61kS0w%3D%3D&trk=public_jobs_apply-link-offsite
Game Designer,Moon Active,"Tel Aviv, Tel Aviv, Israel",Entry level,Full-time,https://www.linkedin.com/jobs/view/externalApply/3283836435?url=https%3A%2F%2Fwww%2Emoonactive%2Ecom%2Fmoonactive-position%2F%3Fuid%3D89%2ED27%26coref%3D1%2E10%2Es74_51F&urlHash=p_x5&refId=XeAm3pIUt9BnGMnRWkf%2Brg%3D%3D&trackingId=oCS%2BJJjbCqH%2FXcnimstdEg%3D%3D&trk=public_jobs_apply-link-offsite
Software Engineer,Amdocs,"Nazareth, Northern, Israel",Entry level,Full-time,https://www.linkedin.com/jobs/view/externalApply/3243244195?url=https%3A%2F%2Fjobs%2Eamdocs%2Ecom%2Fjob%2FNazerath-Software-Engineer-Z%2F929967700%2F&urlHash=rqZK&refId=XeAm3pIUt9BnGMnRWkf%2Brg%3D%3D&trackingId=GZnacEBo7CVi0%2Bx8eBZvDA%3D%3D&trk=public_jobs_apply-link-offsite
Java Engineer,Quotient Technology Inc.,"Tel Aviv, Tel Aviv, Israel",Entry level,Full-time,https://www.linkedin.com/jobs/view/externalApply/3081833986?url=https%3A%2F%2Fjobs%2Elever%2Eco%2Fquotient%2F8b84f358-9dd2-45cf-b628-d8ec173adda7%3Flever-source%3DLinkedInJobs&urlHash=9H40&refId=XeAm3pIUt9BnGMnRWkf%2Brg%3D%3D&trackingId=KnbFiBcPjIGvohrH%2FO6ljA%3D%3D&trk=public_jobs_apply-link-offsite
Solution Engineer,JFrog,"Tel Aviv-Yafo, Tel Aviv, Israel",Entry level,Full-time,https://www.linkedin.com/jobs/view/externalApply/3178195803?url=https%3A%2F%2Fjoin%2Ejfrog%2Ecom%2Fjob%2F3334146-solution-engineer%2F%3Fgh_src%3D526d35e41us&urlHash=9XYO&refId=XeAm3pIUt9BnGMnRWkf%2Brg%3D%3D&trackingId=x1RDDFxiH2xENuPeFfEaRQ%3D%3D&trk=public_jobs_apply-link-offsite
Full-Stack Engineer - Business Applications,JFrog,"Tel Aviv-Yafo, Tel Aviv, Israel",Entry level,Full-time,https://www.linkedin.com/jobs/view/externalApply/3178195801?url=https%3A%2F%2Fjoin%2Ejfrog%2Ecom%2Fjob%2F3706896-full-stack-engineer-business-applications%2F%3Fgh_src%3D526d35e41us&urlHash=E0EB&refId=XeAm3pIUt9BnGMnRWkf%2Brg%3D%3D&trackingId=gZYgnCjx%2FTEiRc0IInb%2Bbw%3D%3D&trk=public_jobs_apply-link-offsite
DevSecOps Engineer,Dynamic Yield,"Tel Aviv, Tel Aviv, Israel",Entry level,Full-time,Easy Apply on LinkedIn
Business Intelligence QA Engineer,Tipalti,"Glil Yam, Tel Aviv, Israel",Entry level,Full-time,https://www.linkedin.com/jobs/view/externalApply/3115514597?url=https%3A%2F%2Ftipalti%2Ecom%2Fjobs%2F%3Fgh_jid%3D4544348004%26gh_src%3Df8165a1a4us&urlHash=i51d&refId=XeAm3pIUt9BnGMnRWkf%2Brg%3D%3D&trackingId=b%2FpDu8MEU5kR6mkTkfuwaQ%3D%3D&trk=public_jobs_apply-link-offsite
Data Engineer,VIZO Specs,"Ramat HaSharon, Tel Aviv, Israel",Full-time,Unknown,Easy Apply on LinkedIn
"Software Quality Engineer – All Levels (Bangkok based, Relocation Provided)",Agoda,"Tel Aviv, Tel Aviv, Israel",Entry level,Full-time,https://www.linkedin.com/jobs/view/externalApply/3214733893?url=https%3A%2F%2Fcareersatagoda%2Ecom%2Fjob%2F3911202-software-quality-engineer-all-levels-bangkok-based-relocation-provided%2F%3Fgh_jid%3D3911202%26gh_src%3D6b977d9e1&urlHash=csin&refId=XeAm3pIUt9BnGMnRWkf%2Brg%3D%3D&trackingId=GkXEDjs8UEqUXQmxm3FqNw%3D%3D&trk=public_jobs_apply-link-offsite
DevOps Developer,CyberArk,"Petah Tiqwa, Central, Israel",Entry level,Full-time,https://www.linkedin.com/jobs/view/externalApply/3214943056?url=https%3A%2F%2Fcareers%2Ecyberark%2Ecom%2Fjob%2FPetach-Tikva-DevOps-Associate-Team-Lead%2F781456401%2F&urlHash=6Fr5&refId=XeAm3pIUt9BnGMnRWkf%2Brg%3D%3D&trackingId=2gJ0YQsuC5azeJYG9w0Orw%3D%3D&trk=public_jobs_apply-link-offsite
QA Automation Engineer,Zadara,Israel,Entry level,Full-time,https://www.linkedin.com/jobs/view/externalApply/3179446764?url=https%3A%2F%2Fjobs%2Elever%2Eco%2FZadara%2F81a93a22-ec1b-4e04-ad4a-ff35916d5f52%3Flever-source%3DLinkedInJobs&urlHash=ZZgf&refId=XeAm3pIUt9BnGMnRWkf%2Brg%3D%3D&trackingId=b2ogmTntgLyj0Qj9PHAOrw%3D%3D&trk=public_jobs_apply-link-offsite
Security Software Engineer,Yahoo,Israel,Entry level,Full-time,https://www.linkedin.com/jobs/view/externalApply/3285459517?url=https%3A%2F%2Fouryahoo%2Ewd5%2Emyworkdayjobs%2Ecom%2Fen-US%2Fcareers%2Fjob%2FIsrael---Remote%2FSecurity-Software-Engineer_JR0020517-1&urlHash=XuqZ&refId=XeAm3pIUt9BnGMnRWkf%2Brg%3D%3D&trackingId=R61GOARsexqwCHtt%2Bplr9A%3D%3D&trk=public_jobs_apply-link-offsite
DevOps Engineer,Paradox,"Tel Aviv, Tel Aviv, Israel",Entry level,Full-time,https://www.linkedin.com/jobs/view/externalApply/3282423743?url=https%3A%2F%2Fcareers%2Eparadox%2Eai%2Fdevops-engineer%2Fjob%2F20463494%3Futm_source%3DLinkedIn%26utm_medium%3DPaid%26utm_campaign%3DJobs&urlHash=gYyU&refId=XeAm3pIUt9BnGMnRWkf%2Brg%3D%3D&trackingId=EHT%2FuIPy%2BOlPrGSDZqTvSw%3D%3D&trk=public_jobs_apply-link-offsite
DevOps Engineer,CyberArk,"Petah Tiqwa, Central, Israel",Entry level,Full-time,https://www.linkedin.com/jobs/view/externalApply/3246849212?url=https%3A%2F%2Fcareers%2Ecyberark%2Ecom%2Fjob%2FDevOps-Engineer%2F845755001%2F&urlHash=mX7P&refId=XeAm3pIUt9BnGMnRWkf%2Brg%3D%3D&trackingId=WSWU%2FyZ4R9mYbgpkP%2FKbCA%3D%3D&trk=public_jobs_apply-link-offsite
Manual QA Engineer,HoneyBook,"Tel Aviv, Tel Aviv, Israel",Entry level,Full-time,https://www.linkedin.com/jobs/view/externalApply/3039326038?url=https%3A%2F%2Fboards%2Egreenhouse%2Eio%2Fhoneybook%2Fjobs%2F3565983%3Fs%3DLinkedIn%26source%3DLinkedIn&urlHash=mdo0&refId=XeAm3pIUt9BnGMnRWkf%2Brg%3D%3D&trackingId=G3yuisV6pnRW%2FPxdmTyM4Q%3D%3D&trk=public_jobs_apply-link-offsite
FinOps Data Analyst,JFrog,"Tel Aviv-Yafo, Tel Aviv, Israel",Entry level,Full-time,https://www.linkedin.com/jobs/view/externalApply/3178196731?url=https%3A%2F%2Fjoin%2Ejfrog%2Ecom%2Fjob%2F4403892-finops-data-analyst%2F%3Fgh_src%3D526d35e41us&urlHash=X2BN&refId=XeAm3pIUt9BnGMnRWkf%2Brg%3D%3D&trackingId=suqPptYbqAK9LA8MMAbwkA%3D%3D&trk=public_jobs_apply-link-offsite
Automation Engineer JFrog Security,JFrog,"Tel Aviv-Yafo, Tel Aviv, Israel",Entry level,Full-time,https://www.linkedin.com/jobs/view/externalApply/3178196732?url=https%3A%2F%2Fjoin%2Ejfrog%2Ecom%2Fjob%2F4355073-automation-engineer-jfrog-security%2F%3Fgh_src%3D526d35e41us&urlHash=FzCj&refId=XeAm3pIUt9BnGMnRWkf%2Brg%3D%3D&trackingId=FZrW9FleJM96xgPO%2FfFaTQ%3D%3D&trk=public_jobs_apply-link-offsite
Junior Devops,Orpak Systems,"Tel Aviv, Israel",Entry level,Full-time,https://www.linkedin.com/jobs/view/externalApply/3274824717?url=https%3A%2F%2Fwww%2Ecomeet%2Ecom%2Fjobs%2Forpak%2F65%2E001%2Fjunior-devops%2FE1%2E337&urlHash=zF4j&refId=XeAm3pIUt9BnGMnRWkf%2Brg%3D%3D&trackingId=R23yUPUK9oN7pxmmolLXFQ%3D%3D&trk=public_jobs_apply-link-offsite
Product Data Analyst,Tipalti,"Glil Yam, Tel Aviv, Israel",Entry level,Full-time,https://www.linkedin.com/jobs/view/externalApply/3283856516?url=https%3A%2F%2Ftipalti%2Ecom%2Fjobs%2F%3Fgh_jid%3D4338364004%26gh_src%3Df8165a1a4us&urlHash=RbeJ&refId=ONfyBE7otw4gkZd%2BHg6HIw%3D%3D&trackingId=C5syzxNQF72jrgdXA731Tw%3D%3D&trk=public_jobs_apply-link-offsite
Full-Stack Engineer - Business Applications,JFrog,"Tel Aviv-Yafo, Tel Aviv, Israel",Entry level,Full-time,https://www.linkedin.com/jobs/view/externalApply/3178195801?url=https%3A%2F%2Fjoin%2Ejfrog%2Ecom%2Fjob%2F3706896-full-stack-engineer-business-applications%2F%3Fgh_src%3D526d35e41us&urlHash=E0EB&refId=ONfyBE7otw4gkZd%2BHg6HIw%3D%3D&trackingId=myUnNfC1f4UQv%2F0%2FnOYPqg%3D%3D&trk=public_jobs_apply-link-offsite
Security Software Engineer,Yahoo,Israel,Entry level,Full-time,https://www.linkedin.com/jobs/view/externalApply/3285459517?url=https%3A%2F%2Fouryahoo%2Ewd5%2Emyworkdayjobs%2Ecom%2Fen-US%2Fcareers%2Fjob%2FIsrael---Remote%2FSecurity-Software-Engineer_JR0020517-1&urlHash=XuqZ&refId=ONfyBE7otw4gkZd%2BHg6HIw%3D%3D&trackingId=htNI89dcjehtzegD4ohi%2Bg%3D%3D&trk=public_jobs_apply-link-offsite
Data Engineer,VIZO Specs,"Ramat HaSharon, Tel Aviv, Israel",Full-time,Unknown,Easy Apply on LinkedIn
DevOps Engineer,Paradox,"Tel Aviv, Tel Aviv, Israel",Entry level,Full-time,https://www.linkedin.com/jobs/view/externalApply/3282423743?url=https%3A%2F%2Fcareers%2Eparadox%2Eai%2Fdevops-engineer%2Fjob%2F20463494%3Futm_source%3DLinkedIn%26utm_medium%3DPaid%26utm_campaign%3DJobs&urlHash=gYyU&refId=ONfyBE7otw4gkZd%2BHg6HIw%3D%3D&trackingId=UiHm8YL3tULt4Rbqv0DC4Q%3D%3D&trk=public_jobs_apply-link-offsite
Embedded Software Engineer,Rafael Advanced Defense Systems,"Qiryat Bialik, Haifa, Israel",Full-time,Unknown,Easy Apply on LinkedIn
System Engineer,Rafael Advanced Defense Systems,"Karmi'el, Northern, Israel",Full-time,Unknown,Easy Apply on LinkedIn
Software Engineer,Algorand Foundation,"Tel Aviv, Israel",Full-time,Unknown,https://www.linkedin.com/jobs/view/externalApply/3283900118?url=https%3A%2F%2Falgorandfoundation%2Ebamboohr%2Ecom%2Fcareers%2F26&urlHash=olLr&refId=ONfyBE7otw4gkZd%2BHg6HIw%3D%3D&trackingId=7BLRusQRQYdtcP1LiXmhDg%3D%3D&trk=public_jobs_apply-link-offsite
Junior Devops,Orpak Systems,"Tel Aviv, Israel",Entry level,Full-time,https://www.linkedin.com/jobs/view/externalApply/3274824717?url=https%3A%2F%2Fwww%2Ecomeet%2Ecom%2Fjobs%2Forpak%2F65%2E001%2Fjunior-devops%2FE1%2E337&urlHash=zF4j&refId=ONfyBE7otw4gkZd%2BHg6HIw%3D%3D&trackingId=%2BCE7CYYmPXcZQJ2sUnjJRg%3D%3D&trk=public_jobs_apply-link-offsite
